{"_runtime":3767,"Training_Loss":0.06370034518707543,"Validation_Accuracy":95.14,"_timestamp":1.762772999010401e+09,"_step":49,"Epoch":49,"_wandb":{"runtime":3767}}