{"_step":6,"_wandb":{"runtime":525},"_runtime":525,"Epoch":6,"Training_Loss":0.20487173272371292,"Validation_Accuracy":91.88,"_timestamp":1.7627582602108433e+09}