{"_wandb":{"runtime":3496},"_runtime":3496,"_step":49,"Epoch":49,"Training_Loss":0.029165681400545873,"Validation_Accuracy":96.48,"_timestamp":1.7627767685422254e+09}