{"Epoch":49,"Training_Loss":0.03389369015097327,"Validation_Accuracy":95.89999999999999,"_timestamp":1.7627573823224063e+09,"_step":49,"_wandb":{"runtime":3386},"_runtime":3386}