{"Validation_Accuracy":94.32000000000001,"_timestamp":1.7627688671754286e+09,"_wandb":{"runtime":3760},"_runtime":3760,"_step":49,"Epoch":49,"Training_Loss":0.08604649950321763}