{"Epoch":49,"Training_Loss":0.027877091729344102,"Validation_Accuracy":95.08,"_timestamp":1.7627096161959815e+09,"_step":49,"_runtime":3918,"_wandb":{"runtime":3918}}