{"_runtime":3416,"_wandb":{"runtime":3416},"_step":49,"Epoch":49,"Training_Loss":0.2598234125733376,"Validation_Accuracy":81.72,"_timestamp":1.7627649036839154e+09}