{"_runtime":3777,"Training_Loss":0.029231540448148734,"Validation_Accuracy":96.32,"_timestamp":1.762703592720833e+09,"_step":49,"Epoch":49,"_wandb":{"runtime":3777}}